<?xml version="1.0" encoding="UTF-8" standalone="yes"?><w:hdr xmlns:mc="http://schemas.openxmlformats.org/markup-compatibility/2006" xmlns:o="urn:schemas-microsoft-com:office:office" xmlns:r="http://schemas.openxmlformats.org/officeDocument/2006/relationships" xmlns:m="http://schemas.openxmlformats.org/officeDocument/2006/math" xmlns:v="urn:schemas-microsoft-com:vml" xmlns:wp="http://schemas.openxmlformats.org/drawingml/2006/wordprocessingDrawing" xmlns:w10="urn:schemas-microsoft-com:office:word" xmlns:w="http://schemas.openxmlformats.org/wordprocessingml/2006/main" xmlns:wne="http://schemas.microsoft.com/office/word/2006/wordml" xmlns:sl="http://schemas.openxmlformats.org/schemaLibrary/2006/main" xmlns:a="http://schemas.openxmlformats.org/drawingml/2006/main" xmlns:pic="http://schemas.openxmlformats.org/drawingml/2006/picture" xmlns:c="http://schemas.openxmlformats.org/drawingml/2006/chart" xmlns:lc="http://schemas.openxmlformats.org/drawingml/2006/lockedCanvas" xmlns:dgm="http://schemas.openxmlformats.org/drawingml/2006/diagram" xmlns:wps="http://schemas.microsoft.com/office/word/2010/wordprocessingShape" xmlns:wpg="http://schemas.microsoft.com/office/word/2010/wordprocessingGroup" xmlns:w14="http://schemas.microsoft.com/office/word/2010/wordml" xmlns:w15="http://schemas.microsoft.com/office/word/2012/wordml"><w:p w:rsidR="00000000" w:rsidDel="00000000" w:rsidP="00000000" w:rsidRDefault="00000000" w:rsidRPr="00000000" w14:paraId="000000A7"><w:pPr><w:keepNext w:val="0"/><w:keepLines w:val="0"/><w:widowControl w:val="1"/><w:pBdr><w:top w:space="0" w:sz="0" w:val="nil"/><w:left w:space="0" w:sz="0" w:val="nil"/><w:bottom w:space="0" w:sz="0" w:val="nil"/><w:right w:space="0" w:sz="0" w:val="nil"/><w:between w:space="0" w:sz="0" w:val="nil"/></w:pBdr><w:shd w:fill="auto" w:val="clear"/><w:tabs><w:tab w:val="center" w:pos="4677"/><w:tab w:val="right" w:pos="9355"/><w:tab w:val="left" w:pos="6900"/></w:tabs><w:spacing w:after="0" w:before="0" w:line="240" w:lineRule="auto"/><w:ind w:left="0" w:right="0" w:firstLine="709"/><w:jc w:val="left"/><w:rPr><w:rFonts w:ascii="Calibri" w:cs="Calibri" w:eastAsia="Calibri" w:hAnsi="Calibri"/><w:b w:val="0"/><w:i w:val="0"/><w:smallCaps w:val="0"/><w:strike w:val="0"/><w:color w:val="000000"/><w:sz w:val="22"/><w:szCs w:val="22"/><w:u w:val="none"/><w:shd w:fill="auto" w:val="clear"/><w:vertAlign w:val="baseline"/></w:rPr></w:pPr><w:r w:rsidDel="00000000" w:rsidR="00000000" w:rsidRPr="00000000"><w:rPr><w:rFonts w:ascii="Calibri" w:cs="Calibri" w:eastAsia="Calibri" w:hAnsi="Calibri"/><w:b w:val="0"/><w:i w:val="0"/><w:smallCaps w:val="0"/><w:strike w:val="0"/><w:color w:val="000000"/><w:sz w:val="22"/><w:szCs w:val="22"/><w:u w:val="none"/><w:shd w:fill="auto" w:val="clear"/><w:vertAlign w:val="baseline"/></w:rPr><w:drawing><wp:inline distB="0" distT="0" distL="0" distR="0"><wp:extent cx="1543265" cy="1924318"/><wp:effectExtent b="0" l="0" r="0" t="0"/><wp:docPr id="4" name="image3.png"/><a:graphic><a:graphicData uri="http://schemas.openxmlformats.org/drawingml/2006/picture"><pic:pic><pic:nvPicPr><pic:cNvPr id="0" name="image3.png"/><pic:cNvPicPr preferRelativeResize="0"/></pic:nvPicPr><pic:blipFill><a:blip r:embed="rId1"/><a:srcRect b="0" l="0" r="0" t="0"/><a:stretch><a:fillRect/></a:stretch></pic:blipFill><pic:spPr><a:xfrm><a:off x="0" y="0"/><a:ext cx="1543265" cy="1924318"/></a:xfrm><a:prstGeom prst="rect"/><a:ln/></pic:spPr></pic:pic></a:graphicData></a:graphic></wp:inline></w:drawing></w:r><w:r w:rsidDel="00000000" w:rsidR="00000000" w:rsidRPr="00000000"><w:rPr><w:rFonts w:ascii="Calibri" w:cs="Calibri" w:eastAsia="Calibri" w:hAnsi="Calibri"/><w:b w:val="0"/><w:i w:val="0"/><w:smallCaps w:val="0"/><w:strike w:val="0"/><w:color w:val="000000"/><w:sz w:val="22"/><w:szCs w:val="22"/><w:u w:val="none"/><w:shd w:fill="auto" w:val="clear"/><w:vertAlign w:val="baseline"/></w:rPr><w:drawing><wp:anchor allowOverlap="1" behindDoc="0" distB="0" distT="0" distL="114300" distR="114300" hidden="0" layoutInCell="1" locked="0" relativeHeight="0" simplePos="0"><wp:simplePos x="0" y="0"/><wp:positionH relativeFrom="margin"><wp:posOffset>3147060</wp:posOffset></wp:positionH><wp:positionV relativeFrom="margin"><wp:posOffset>-1269999</wp:posOffset></wp:positionV><wp:extent cx="3540759" cy="530860"/><wp:effectExtent b="0" l="0" r="0" t="0"/><wp:wrapSquare wrapText="bothSides" distB="0" distT="0" distL="114300" distR="114300"/><wp:docPr id="7" name="image6.png"/><a:graphic><a:graphicData uri="http://schemas.openxmlformats.org/drawingml/2006/picture"><pic:pic><pic:nvPicPr><pic:cNvPr id="0" name="image6.png"/><pic:cNvPicPr preferRelativeResize="0"/></pic:nvPicPr><pic:blipFill><a:blip r:embed="rId2"/><a:srcRect b="0" l="0" r="0" t="0"/><a:stretch><a:fillRect/></a:stretch></pic:blipFill><pic:spPr><a:xfrm><a:off x="0" y="0"/><a:ext cx="3540759" cy="530860"/></a:xfrm><a:prstGeom prst="rect"/><a:ln/></pic:spPr></pic:pic></a:graphicData></a:graphic></wp:anchor></w:drawing></w:r><w:r w:rsidDel="00000000" w:rsidR="00000000" w:rsidRPr="00000000"><w:rPr><w:rFonts w:ascii="Calibri" w:cs="Calibri" w:eastAsia="Calibri" w:hAnsi="Calibri"/><w:b w:val="0"/><w:i w:val="0"/><w:smallCaps w:val="0"/><w:strike w:val="0"/><w:color w:val="000000"/><w:sz w:val="22"/><w:szCs w:val="22"/><w:u w:val="none"/><w:shd w:fill="auto" w:val="clear"/><w:vertAlign w:val="baseline"/><w:rtl w:val="0"/></w:rPr><w:tab/></w:r><w:r w:rsidDel="00000000" w:rsidR="00000000" w:rsidRPr="00000000"><w:rPr><w:rFonts w:ascii="Calibri" w:cs="Calibri" w:eastAsia="Calibri" w:hAnsi="Calibri"/><w:b w:val="0"/><w:i w:val="0"/><w:smallCaps w:val="0"/><w:strike w:val="0"/><w:color w:val="000000"/><w:sz w:val="22"/><w:szCs w:val="22"/><w:u w:val="none"/><w:shd w:fill="auto" w:val="clear"/><w:vertAlign w:val="baseline"/></w:rPr><w:drawing><wp:anchor allowOverlap="1" behindDoc="0" distB="0" distT="0" distL="114300" distR="114300" hidden="0" layoutInCell="1" locked="0" relativeHeight="0" simplePos="0"><wp:simplePos x="0" y="0"/><wp:positionH relativeFrom="margin"><wp:align>center</wp:align></wp:positionH><wp:positionV relativeFrom="margin"><wp:align>center</wp:align></wp:positionV><wp:extent cx="7375525" cy="1106170"/><wp:effectExtent b="0" l="0" r="0" t="0"/><wp:wrapSquare wrapText="bothSides" distB="0" distT="0" distL="114300" distR="114300"/><wp:docPr id="6" name="image6.png"/><a:graphic><a:graphicData uri="http://schemas.openxmlformats.org/drawingml/2006/picture"><pic:pic><pic:nvPicPr><pic:cNvPr id="0" name="image6.png"/><pic:cNvPicPr preferRelativeResize="0"/></pic:nvPicPr><pic:blipFill><a:blip r:embed="rId2"/><a:srcRect b="0" l="0" r="0" t="0"/><a:stretch><a:fillRect/></a:stretch></pic:blipFill><pic:spPr><a:xfrm><a:off x="0" y="0"/><a:ext cx="7375525" cy="1106170"/></a:xfrm><a:prstGeom prst="rect"/><a:ln/></pic:spPr></pic:pic></a:graphicData></a:graphic></wp:anchor></w:drawing></w:r><w:r w:rsidDel="00000000" w:rsidR="00000000" w:rsidRPr="00000000"><w:rPr><w:rtl w:val="0"/></w:rPr></w:r><w:r w:rsidDel="00000000" w:rsidR="00000000" w:rsidRPr="00000000"><mc:AlternateContent><mc:Choice Requires="wpg"><w:drawing><wp:anchor allowOverlap="1" behindDoc="0" distB="0" distT="0" distL="114300" distR="114300" hidden="0" layoutInCell="1" locked="0" relativeHeight="0" simplePos="0"><wp:simplePos x="0" y="0"/><wp:positionH relativeFrom="column"><wp:posOffset>2768600</wp:posOffset></wp:positionH><wp:positionV relativeFrom="paragraph"><wp:posOffset>152400</wp:posOffset></wp:positionV><wp:extent cx="3012440" cy="520065"/><wp:effectExtent b="0" l="0" r="0" t="0"/><wp:wrapSquare wrapText="bothSides" distB="0" distT="0" distL="114300" distR="114300"/><wp:docPr id="2" name=""/><a:graphic><a:graphicData uri="http://schemas.microsoft.com/office/word/2010/wordprocessingShape"><wps:wsp><wps:cNvSpPr/><wps:cNvPr id="3" name="Shape 3"/><wps:spPr><a:xfrm><a:off x="100564888" y="3526318"/><a:ext cx="2999740" cy="507365"/></a:xfrm><a:custGeom><a:rect b="b" l="l" r="r" t="t"/><a:pathLst><a:path extrusionOk="0" h="507365" w="2999740"><a:moveTo><a:pt x="0" y="0"/></a:moveTo><a:lnTo><a:pt x="0" y="507365"/></a:lnTo><a:lnTo><a:pt x="2999740" y="507365"/></a:lnTo><a:lnTo><a:pt x="2999740" y="0"/></a:lnTo><a:close/></a:path></a:pathLst></a:custGeom><a:solidFill><a:srgbClr val="FFFFFF"/></a:solidFill><a:ln cap="flat" cmpd="sng" w="12700"><a:solidFill><a:srgbClr val="FFFFFF"/></a:solidFill><a:prstDash val="solid"/><a:miter lim="8000"/><a:headEnd len="sm" w="sm" type="none"/><a:tailEnd len="sm" w="sm" type="none"/></a:ln></wps:spPr><wps:txbx><w:txbxContent><w:p w:rsidR="00000000" w:rsidDel="00000000" w:rsidP="00000000" w:rsidRDefault="00000000" w:rsidRPr="00000000"><w:pPr><w:spacing w:after="160" w:before="0" w:line="258.99999618530273"/><w:ind w:left="0" w:right="0" w:firstLine="0"/><w:jc w:val="left"/><w:textDirection w:val="btLr"/></w:pPr><w:r w:rsidDel="00000000" w:rsidR="00000000" w:rsidRPr="00000000"><w:rPr><w:rFonts w:ascii="Microsoft YaHei UI" w:cs="Microsoft YaHei UI" w:eastAsia="Microsoft YaHei UI" w:hAnsi="Microsoft YaHei UI"/><w:b w:val="0"/><w:i w:val="0"/><w:smallCaps w:val="0"/><w:strike w:val="0"/><w:color w:val="000000"/><w:sz w:val="14"/><w:shd w:fill="fefefe"/><w:vertAlign w:val="baseline"/></w:rPr><w:t xml:space="preserve">450098, Россия, Республика Башкортостан, </w:t></w:r></w:p><w:p w:rsidR="00000000" w:rsidDel="00000000" w:rsidP="00000000" w:rsidRDefault="00000000" w:rsidRPr="00000000"><w:pPr><w:spacing w:after="160" w:before="0" w:line="258.99999618530273"/><w:ind w:left="0" w:right="0" w:firstLine="0"/><w:jc w:val="left"/><w:textDirection w:val="btLr"/></w:pPr><w:r w:rsidDel="00000000" w:rsidR="00000000" w:rsidRPr="00000000"><w:rPr><w:rFonts w:ascii="Microsoft YaHei UI" w:cs="Microsoft YaHei UI" w:eastAsia="Microsoft YaHei UI" w:hAnsi="Microsoft YaHei UI"/><w:b w:val="0"/><w:i w:val="0"/><w:smallCaps w:val="0"/><w:strike w:val="0"/><w:color w:val="000000"/><w:sz w:val="14"/><w:shd w:fill="fefefe"/><w:vertAlign w:val="baseline"/></w:rPr></w:r><w:r w:rsidDel="00000000" w:rsidR="00000000" w:rsidRPr="00000000"><w:rPr><w:rFonts w:ascii="Microsoft YaHei UI" w:cs="Microsoft YaHei UI" w:eastAsia="Microsoft YaHei UI" w:hAnsi="Microsoft YaHei UI"/><w:b w:val="0"/><w:i w:val="0"/><w:smallCaps w:val="0"/><w:strike w:val="0"/><w:color w:val="000000"/><w:sz w:val="14"/><w:shd w:fill="fefefe"/><w:vertAlign w:val="baseline"/></w:rPr><w:t xml:space="preserve">г. Уфа, ул. Пр. Октября, д. 132/3, этаж 9</w:t></w:r></w:p></w:txbxContent></wps:txbx><wps:bodyPr anchorCtr="0" anchor="t" bIns="45700" lIns="88900" spcFirstLastPara="1" rIns="88900" wrap="square" tIns="45700"><a:noAutofit/></wps:bodyPr></wps:wsp></a:graphicData></a:graphic></wp:anchor></w:drawing></mc:Choice><mc:Fallback><w:drawing><wp:anchor allowOverlap="1" behindDoc="0" distB="0" distT="0" distL="114300" distR="114300" hidden="0" layoutInCell="1" locked="0" relativeHeight="0" simplePos="0"><wp:simplePos x="0" y="0"/><wp:positionH relativeFrom="column"><wp:posOffset>2768600</wp:posOffset></wp:positionH><wp:positionV relativeFrom="paragraph"><wp:posOffset>152400</wp:posOffset></wp:positionV><wp:extent cx="3012440" cy="520065"/><wp:effectExtent b="0" l="0" r="0" t="0"/><wp:wrapSquare wrapText="bothSides" distB="0" distT="0" distL="114300" distR="114300"/><wp:docPr id="2" name="image4.png"/><a:graphic><a:graphicData uri="http://schemas.openxmlformats.org/drawingml/2006/picture"><pic:pic><pic:nvPicPr><pic:cNvPr id="0" name="image4.png"/><pic:cNvPicPr preferRelativeResize="0"/></pic:nvPicPr><pic:blipFill><a:blip r:embed="rId3"/><a:srcRect/><a:stretch><a:fillRect/></a:stretch></pic:blipFill><pic:spPr><a:xfrm><a:off x="0" y="0"/><a:ext cx="3012440" cy="520065"/></a:xfrm><a:prstGeom prst="rect"/><a:ln/></pic:spPr></pic:pic></a:graphicData></a:graphic></wp:anchor></w:drawing></mc:Fallback></mc:AlternateContent></w:r><w:r w:rsidDel="00000000" w:rsidR="00000000" w:rsidRPr="00000000"><mc:AlternateContent><mc:Choice Requires="wpg"><w:drawing><wp:anchor allowOverlap="1" behindDoc="0" distB="0" distT="0" distL="114300" distR="114300" hidden="0" layoutInCell="1" locked="0" relativeHeight="0" simplePos="0"><wp:simplePos x="0" y="0"/><wp:positionH relativeFrom="column"><wp:posOffset>3568700</wp:posOffset></wp:positionH><wp:positionV relativeFrom="paragraph"><wp:posOffset>787400</wp:posOffset></wp:positionV><wp:extent cx="2802890" cy="687705"/><wp:effectExtent b="0" l="0" r="0" t="0"/><wp:wrapSquare wrapText="bothSides" distB="0" distT="0" distL="114300" distR="114300"/><wp:docPr id="3" name=""/><a:graphic><a:graphicData uri="http://schemas.microsoft.com/office/word/2010/wordprocessingShape"><wps:wsp><wps:cNvSpPr/><wps:cNvPr id="4" name="Shape 4"/><wps:spPr><a:xfrm><a:off x="3950905" y="3442498"/><a:ext cx="2790190" cy="675005"/></a:xfrm><a:custGeom><a:rect b="b" l="l" r="r" t="t"/><a:pathLst><a:path extrusionOk="0" h="675005" w="2790190"><a:moveTo><a:pt x="0" y="0"/></a:moveTo><a:lnTo><a:pt x="0" y="675005"/></a:lnTo><a:lnTo><a:pt x="2790190" y="675005"/></a:lnTo><a:lnTo><a:pt x="2790190" y="0"/></a:lnTo><a:close/></a:path></a:pathLst></a:custGeom><a:noFill/><a:ln cap="flat" cmpd="sng" w="12700"><a:solidFill><a:srgbClr val="FFFFFF"/></a:solidFill><a:prstDash val="solid"/><a:miter lim="8000"/><a:headEnd len="sm" w="sm" type="none"/><a:tailEnd len="sm" w="sm" type="none"/></a:ln></wps:spPr><wps:txbx><w:txbxContent><w:p w:rsidR="00000000" w:rsidDel="00000000" w:rsidP="00000000" w:rsidRDefault="00000000" w:rsidRPr="00000000"><w:pPr><w:spacing w:after="160" w:before="0" w:line="258.99999618530273"/><w:ind w:left="0" w:right="0" w:firstLine="0"/><w:jc w:val="left"/><w:textDirection w:val="btLr"/></w:pPr><w:r w:rsidDel="00000000" w:rsidR="00000000" w:rsidRPr="00000000"><w:rPr><w:rFonts w:ascii="Microsoft YaHei UI" w:cs="Microsoft YaHei UI" w:eastAsia="Microsoft YaHei UI" w:hAnsi="Microsoft YaHei UI"/><w:b w:val="0"/><w:i w:val="0"/><w:smallCaps w:val="0"/><w:strike w:val="0"/><w:color w:val="000000"/><w:sz w:val="14"/><w:shd w:fill="fefefe"/><w:vertAlign w:val="baseline"/></w:rPr><w:t xml:space="preserve">Тел. 8 (800) 600-72-28, 8 (495) 011-11-39</w:t></w:r></w:p><w:p w:rsidR="00000000" w:rsidDel="00000000" w:rsidP="00000000" w:rsidRDefault="00000000" w:rsidRPr="00000000"><w:pPr><w:spacing w:after="160" w:before="0" w:line="258.99999618530273"/><w:ind w:left="0" w:right="0" w:firstLine="0"/><w:jc w:val="left"/><w:textDirection w:val="btLr"/></w:pPr><w:r w:rsidDel="00000000" w:rsidR="00000000" w:rsidRPr="00000000"><w:rPr><w:rFonts w:ascii="Microsoft YaHei UI" w:cs="Microsoft YaHei UI" w:eastAsia="Microsoft YaHei UI" w:hAnsi="Microsoft YaHei UI"/><w:b w:val="0"/><w:i w:val="0"/><w:smallCaps w:val="0"/><w:strike w:val="0"/><w:color w:val="000000"/><w:sz w:val="14"/><w:shd w:fill="fefefe"/><w:vertAlign w:val="baseline"/></w:rPr></w:r><w:r w:rsidDel="00000000" w:rsidR="00000000" w:rsidRPr="00000000"><w:rPr><w:rFonts w:ascii="Microsoft YaHei UI" w:cs="Microsoft YaHei UI" w:eastAsia="Microsoft YaHei UI" w:hAnsi="Microsoft YaHei UI"/><w:b w:val="0"/><w:i w:val="0"/><w:smallCaps w:val="0"/><w:strike w:val="0"/><w:color w:val="000000"/><w:sz w:val="14"/><w:shd w:fill="fefefe"/><w:vertAlign w:val="baseline"/></w:rPr><w:t xml:space="preserve">Email: </w:t></w:r><w:r w:rsidDel="00000000" w:rsidR="00000000" w:rsidRPr="00000000"><w:rPr><w:rFonts w:ascii="Microsoft YaHei UI" w:cs="Microsoft YaHei UI" w:eastAsia="Microsoft YaHei UI" w:hAnsi="Microsoft YaHei UI"/><w:b w:val="0"/><w:i w:val="0"/><w:smallCaps w:val="0"/><w:strike w:val="0"/><w:color w:val="000000"/><w:sz w:val="16"/><w:shd w:fill="fefefe"/><w:vertAlign w:val="baseline"/></w:rPr><w:t xml:space="preserve">info@etp-region.ru</w:t></w:r></w:p><w:p w:rsidR="00000000" w:rsidDel="00000000" w:rsidP="00000000" w:rsidRDefault="00000000" w:rsidRPr="00000000"><w:pPr><w:spacing w:after="160" w:before="0" w:line="258.99999618530273"/><w:ind w:left="0" w:right="0" w:firstLine="0"/><w:jc w:val="left"/><w:textDirection w:val="btLr"/></w:pPr><w:r w:rsidDel="00000000" w:rsidR="00000000" w:rsidRPr="00000000"><w:rPr><w:rFonts w:ascii="Microsoft YaHei UI" w:cs="Microsoft YaHei UI" w:eastAsia="Microsoft YaHei UI" w:hAnsi="Microsoft YaHei UI"/><w:b w:val="0"/><w:i w:val="0"/><w:smallCaps w:val="0"/><w:strike w:val="0"/><w:color w:val="000000"/><w:sz w:val="14"/><w:shd w:fill="fefefe"/><w:vertAlign w:val="baseline"/></w:rPr></w:r><w:r w:rsidDel="00000000" w:rsidR="00000000" w:rsidRPr="00000000"><w:rPr><w:rFonts w:ascii="Microsoft YaHei UI" w:cs="Microsoft YaHei UI" w:eastAsia="Microsoft YaHei UI" w:hAnsi="Microsoft YaHei UI"/><w:b w:val="0"/><w:i w:val="0"/><w:smallCaps w:val="0"/><w:strike w:val="0"/><w:color w:val="000000"/><w:sz w:val="14"/><w:shd w:fill="fefefe"/><w:vertAlign w:val="baseline"/></w:rPr><w:t xml:space="preserve">www.etp-region.ru</w:t></w:r></w:p></w:txbxContent></wps:txbx><wps:bodyPr anchorCtr="0" anchor="t" bIns="45700" lIns="88900" spcFirstLastPara="1" rIns="88900" wrap="square" tIns="45700"><a:noAutofit/></wps:bodyPr></wps:wsp></a:graphicData></a:graphic></wp:anchor></w:drawing></mc:Choice><mc:Fallback><w:drawing><wp:anchor allowOverlap="1" behindDoc="0" distB="0" distT="0" distL="114300" distR="114300" hidden="0" layoutInCell="1" locked="0" relativeHeight="0" simplePos="0"><wp:simplePos x="0" y="0"/><wp:positionH relativeFrom="column"><wp:posOffset>3568700</wp:posOffset></wp:positionH><wp:positionV relativeFrom="paragraph"><wp:posOffset>787400</wp:posOffset></wp:positionV><wp:extent cx="2802890" cy="687705"/><wp:effectExtent b="0" l="0" r="0" t="0"/><wp:wrapSquare wrapText="bothSides" distB="0" distT="0" distL="114300" distR="114300"/><wp:docPr id="3" name="image5.png"/><a:graphic><a:graphicData uri="http://schemas.openxmlformats.org/drawingml/2006/picture"><pic:pic><pic:nvPicPr><pic:cNvPr id="0" name="image5.png"/><pic:cNvPicPr preferRelativeResize="0"/></pic:nvPicPr><pic:blipFill><a:blip r:embed="rId4"/><a:srcRect/><a:stretch><a:fillRect/></a:stretch></pic:blipFill><pic:spPr><a:xfrm><a:off x="0" y="0"/><a:ext cx="2802890" cy="687705"/></a:xfrm><a:prstGeom prst="rect"/><a:ln/></pic:spPr></pic:pic></a:graphicData></a:graphic></wp:anchor></w:drawing></mc:Fallback></mc:AlternateContent></w:r><w:r w:rsidDel="00000000" w:rsidR="00000000" w:rsidRPr="00000000"><mc:AlternateContent><mc:Choice Requires="wpg"><w:drawing><wp:anchor allowOverlap="1" behindDoc="0" distB="0" distT="0" distL="114300" distR="114300" hidden="0" layoutInCell="1" locked="0" relativeHeight="0" simplePos="0"><wp:simplePos x="0" y="0"/><wp:positionH relativeFrom="column"><wp:posOffset>6489700</wp:posOffset></wp:positionH><wp:positionV relativeFrom="paragraph"><wp:posOffset>0</wp:posOffset></wp:positionV><wp:extent cx="19050" cy="12700"/><wp:effectExtent b="0" l="0" r="0" t="0"/><wp:wrapNone/><wp:docPr id="1" name=""/><a:graphic><a:graphicData uri="http://schemas.microsoft.com/office/word/2010/wordprocessingShape"><wps:wsp><wps:cNvSpPr/><wps:cNvPr id="2" name="Shape 2"/><wps:spPr><a:xfrm><a:off x="85970044" y="4494375"/><a:ext cx="2705104" cy="0"/></a:xfrm><a:prstGeom prst="straightConnector1"><a:avLst/></a:prstGeom><a:solidFill><a:srgbClr val="FFFFFF"/></a:solidFill><a:ln cap="flat" cmpd="sng" w="19050"><a:solidFill><a:srgbClr val="660066"/></a:solidFill><a:prstDash val="solid"/><a:miter lim="8000"/><a:headEnd len="sm" w="sm" type="none"/><a:tailEnd len="sm" w="sm" type="none"/></a:ln></wps:spPr><wps:bodyPr anchorCtr="0" anchor="ctr" bIns="91425" lIns="91425" spcFirstLastPara="1" rIns="91425" wrap="square" tIns="91425"><a:noAutofit/></wps:bodyPr></wps:wsp></a:graphicData></a:graphic></wp:anchor></w:drawing></mc:Choice><mc:Fallback><w:drawing><wp:anchor allowOverlap="1" behindDoc="0" distB="0" distT="0" distL="114300" distR="114300" hidden="0" layoutInCell="1" locked="0" relativeHeight="0" simplePos="0"><wp:simplePos x="0" y="0"/><wp:positionH relativeFrom="column"><wp:posOffset>6489700</wp:posOffset></wp:positionH><wp:positionV relativeFrom="paragraph"><wp:posOffset>0</wp:posOffset></wp:positionV><wp:extent cx="19050" cy="12700"/><wp:effectExtent b="0" l="0" r="0" t="0"/><wp:wrapNone/><wp:docPr id="1" name="image2.png"/><a:graphic><a:graphicData uri="http://schemas.openxmlformats.org/drawingml/2006/picture"><pic:pic><pic:nvPicPr><pic:cNvPr id="0" name="image2.png"/><pic:cNvPicPr preferRelativeResize="0"/></pic:nvPicPr><pic:blipFill><a:blip r:embed="rId5"/><a:srcRect/><a:stretch><a:fillRect/></a:stretch></pic:blipFill><pic:spPr><a:xfrm><a:off x="0" y="0"/><a:ext cx="19050" cy="12700"/></a:xfrm><a:prstGeom prst="rect"/><a:ln/></pic:spPr></pic:pic></a:graphicData></a:graphic></wp:anchor></w:drawing></mc:Fallback></mc:AlternateContent></w:r></w:p></w:hdr>