<?xml version="1.0" encoding="UTF-8" standalone="yes"?><w:hdr xmlns:mc="http://schemas.openxmlformats.org/markup-compatibility/2006" xmlns:o="urn:schemas-microsoft-com:office:office" xmlns:r="http://schemas.openxmlformats.org/officeDocument/2006/relationships" xmlns:m="http://schemas.openxmlformats.org/officeDocument/2006/math" xmlns:v="urn:schemas-microsoft-com:vml" xmlns:wp="http://schemas.openxmlformats.org/drawingml/2006/wordprocessingDrawing" xmlns:w10="urn:schemas-microsoft-com:office:word" xmlns:w="http://schemas.openxmlformats.org/wordprocessingml/2006/main" xmlns:wne="http://schemas.microsoft.com/office/word/2006/wordml" xmlns:sl="http://schemas.openxmlformats.org/schemaLibrary/2006/main" xmlns:a="http://schemas.openxmlformats.org/drawingml/2006/main" xmlns:pic="http://schemas.openxmlformats.org/drawingml/2006/picture" xmlns:c="http://schemas.openxmlformats.org/drawingml/2006/chart" xmlns:lc="http://schemas.openxmlformats.org/drawingml/2006/lockedCanvas" xmlns:dgm="http://schemas.openxmlformats.org/drawingml/2006/diagram" xmlns:wps="http://schemas.microsoft.com/office/word/2010/wordprocessingShape" xmlns:wpg="http://schemas.microsoft.com/office/word/2010/wordprocessingGroup" xmlns:w14="http://schemas.microsoft.com/office/word/2010/wordml" xmlns:w15="http://schemas.microsoft.com/office/word/2012/wordml"><w:p w:rsidR="00000000" w:rsidDel="00000000" w:rsidP="00000000" w:rsidRDefault="00000000" w:rsidRPr="00000000" w14:paraId="000000A6"><w:pPr><w:keepNext w:val="0"/><w:keepLines w:val="0"/><w:widowControl w:val="1"/><w:pBdr><w:top w:space="0" w:sz="0" w:val="nil"/><w:left w:space="0" w:sz="0" w:val="nil"/><w:bottom w:space="0" w:sz="0" w:val="nil"/><w:right w:space="0" w:sz="0" w:val="nil"/><w:between w:space="0" w:sz="0" w:val="nil"/></w:pBdr><w:shd w:fill="auto" w:val="clear"/><w:tabs><w:tab w:val="center" w:pos="4677"/><w:tab w:val="right" w:pos="9355"/></w:tabs><w:spacing w:after="0" w:before="0" w:line="240" w:lineRule="auto"/><w:ind w:left="0" w:right="0" w:firstLine="0"/><w:jc w:val="left"/><w:rPr><w:rFonts w:ascii="Calibri" w:cs="Calibri" w:eastAsia="Calibri" w:hAnsi="Calibri"/><w:b w:val="0"/><w:i w:val="0"/><w:smallCaps w:val="0"/><w:strike w:val="0"/><w:color w:val="000000"/><w:sz w:val="22"/><w:szCs w:val="22"/><w:u w:val="none"/><w:shd w:fill="auto" w:val="clear"/><w:vertAlign w:val="baseline"/></w:rPr></w:pPr><w:r w:rsidDel="00000000" w:rsidR="00000000" w:rsidRPr="00000000"><w:rPr><w:rFonts w:ascii="Calibri" w:cs="Calibri" w:eastAsia="Calibri" w:hAnsi="Calibri"/><w:b w:val="0"/><w:i w:val="0"/><w:smallCaps w:val="0"/><w:strike w:val="0"/><w:color w:val="000000"/><w:sz w:val="22"/><w:szCs w:val="22"/><w:u w:val="none"/><w:shd w:fill="auto" w:val="clear"/><w:vertAlign w:val="baseline"/></w:rPr><w:drawing><wp:anchor allowOverlap="1" behindDoc="0" distB="0" distT="0" distL="114300" distR="114300" hidden="0" layoutInCell="1" locked="0" relativeHeight="0" simplePos="0"><wp:simplePos x="0" y="0"/><wp:positionH relativeFrom="margin"><wp:align>center</wp:align></wp:positionH><wp:positionV relativeFrom="margin"><wp:align>center</wp:align></wp:positionV><wp:extent cx="7375525" cy="1106170"/><wp:effectExtent b="0" l="0" r="0" t="0"/><wp:wrapSquare wrapText="bothSides" distB="0" distT="0" distL="114300" distR="114300"/><wp:docPr id="5" name="image6.png"/><a:graphic><a:graphicData uri="http://schemas.openxmlformats.org/drawingml/2006/picture"><pic:pic><pic:nvPicPr><pic:cNvPr id="0" name="image6.png"/><pic:cNvPicPr preferRelativeResize="0"/></pic:nvPicPr><pic:blipFill><a:blip r:embed="rId1"/><a:srcRect b="0" l="0" r="0" t="0"/><a:stretch><a:fillRect/></a:stretch></pic:blipFill><pic:spPr><a:xfrm><a:off x="0" y="0"/><a:ext cx="7375525" cy="1106170"/></a:xfrm><a:prstGeom prst="rect"/><a:ln/></pic:spPr></pic:pic></a:graphicData></a:graphic></wp:anchor></w:drawing></w:r><w:r w:rsidDel="00000000" w:rsidR="00000000" w:rsidRPr="00000000"><w:rPr><w:rtl w:val="0"/></w:rPr></w:r></w:p></w:hdr>